iter	RMSE
0	74414.72245
199	15159.44156
