iter	AUC	Logloss
0	0.7916612603	0.6657766613
249	0.8688932297	0.3860094663
